{"cameraMode":{"drawMode":0,"name":"Shaded","section":"Shading Mode"},"sceneLighting":false,"audioPlay":false,"sceneViewState":{"m_AlwaysRefresh":false,"showFog":true,"showSkybox":false,"showFlares":true,"showImageEffects":true,"showParticleSystems":true,"showVisualEffectGraphs":true,"m_FxEnabled":true},"in2DMode":false,"pivot":{"x":3.048964500427246,"y":3.3431029319763185,"z":-0.7452099323272705},"rotation":{"x":-0.0060750339180231098,"y":-0.8928855061531067,"z":0.012055406346917153,"w":-0.450088769197464},"size":7.088723659515381,"orthographic":false}