{"cameraMode":{"drawMode":0,"name":"Shaded","section":"Shading Mode"},"sceneLighting":false,"audioPlay":false,"sceneViewState":{"m_AlwaysRefresh":false,"showFog":true,"showSkybox":false,"showFlares":true,"showImageEffects":true,"showParticleSystems":true,"showVisualEffectGraphs":true,"m_FxEnabled":true},"in2DMode":false,"pivot":{"x":0.35830116271972659,"y":1.7799594402313233,"z":0.07447534054517746},"rotation":{"x":0.442936509847641,"y":-0.0208012405782938,"z":0.010281050577759743,"w":0.8962628841400147},"size":0.25980761647224429,"orthographic":false}