{"cameraMode":{"drawMode":0,"name":"Shaded","section":"Shading Mode"},"sceneLighting":false,"audioPlay":false,"sceneViewState":{"m_AlwaysRefresh":false,"showFog":true,"showSkybox":false,"showFlares":true,"showImageEffects":true,"showParticleSystems":true,"showVisualEffectGraphs":true,"m_FxEnabled":true},"in2DMode":false,"pivot":{"x":423.67974853515627,"y":253.4375457763672,"z":-738.4495849609375},"rotation":{"x":0.028274118900299073,"y":-0.9715003967285156,"z":0.17678317427635194,"w":0.1553758829832077},"size":1.2247449159622193,"orthographic":false}