{"cameraMode":{"drawMode":0,"name":"Shaded","section":"Shading Mode"},"sceneLighting":true,"audioPlay":false,"sceneViewState":{"showFog":true,"showMaterialUpdate":false,"showSkybox":true,"showFlares":true,"showImageEffects":true,"showParticleSystems":true},"in2DMode":false,"pivot":{"x":423.67974853515627,"y":253.4375457763672,"z":-738.4495849609375},"rotation":{"x":0.004499450791627169,"y":-0.013499421067535878,"z":0.000060655976994894445,"w":0.9999001622200012},"size":74.39177703857422,"orthographic":false}