{"cameraMode":{"drawMode":0,"name":"Shaded","section":"Shading Mode"},"sceneLighting":false,"audioPlay":false,"sceneViewState":{"m_AlwaysRefresh":false,"showFog":true,"showSkybox":false,"showFlares":true,"showImageEffects":true,"showParticleSystems":true,"showVisualEffectGraphs":true,"m_FxEnabled":true},"in2DMode":false,"pivot":{"x":1.0140405893325806,"y":1.7894495725631714,"z":5.01221227645874},"rotation":{"x":0.014639738015830517,"y":-0.9831621646881104,"z":0.15765351057052613,"w":0.09129273891448975},"size":4.807394981384277,"orthographic":false}